id,symbol,name,platforms,7/20/23,7/19/23,7/18/23,7/17/23,7/16/23,7/15/23,7/14/23,7/13/23,7/12/23,7/11/23,7/10/23,7/9/23,7/8/23,7/7/23,7/6/23,7/5/23,7/4/23,7/3/23,7/2/23,7/1/23,6/30/23,6/29/23,6/28/23,6/27/23,6/26/23,6/25/23,6/24/23,6/23/23,6/22/23,6/21/23,6/20/23,6/19/23,6/18/23,6/17/23,6/16/23,6/15/23,6/14/23,6/13/23,6/12/23,6/11/23,6/10/23,6/9/23,6/8/23,6/7/23,6/6/23,6/5/23,6/4/23,6/3/23,6/2/23,6/1/23,5/31/23,5/30/23,5/29/23,5/28/23,5/27/23,5/26/23,5/25/23,5/24/23,5/23/23,5/22/23,5/21/23,5/20/23,5/19/23,5/18/23,5/17/23,5/16/23,5/15/23,5/14/23,5/13/23,5/12/23,5/11/23,5/10/23,5/9/23,5/8/23,5/7/23,5/6/23,5/5/23,5/4/23,5/3/23,5/2/23,5/1/23,4/30/23,4/29/23,4/28/23,4/27/23,4/26/23,4/25/23,4/24/23,4/23/23,4/22/23,4/21/23,4/20/23,4/19/23,4/18/23,4/17/23,4/16/23,4/15/23,4/14/23,4/13/23,4/12/23,4/11/23,4/10/23,4/9/23,4/8/23,4/7/23,4/6/23,4/5/23,4/4/23,4/3/23,4/2/23,4/1/23,3/31/23,3/30/23,3/29/23,3/28/23,3/27/23,3/26/23,3/25/23,3/24/23,3/23/23,3/22/23,3/21/23,3/20/23,3/19/23,3/18/23,3/17/23,3/16/23,3/15/23,3/14/23,3/13/23,3/12/23,3/11/23,3/10/23,3/9/23,3/8/23,3/7/23,3/6/23,3/5/23,3/4/23,3/3/23,3/2/23,3/1/23,2/28/23,2/27/23,2/26/23,2/25/23,2/24/23,2/23/23,2/22/23,2/21/23,2/20/23,2/19/23,2/18/23,2/17/23,2/16/23,2/15/23,2/14/23,2/13/23,2/12/23,2/11/23,2/10/23,2/9/23,2/8/23,2/7/23,2/6/23,2/5/23,2/4/23,2/3/23,2/2/23,2/1/23,1/31/23,1/30/23,1/29/23,1/28/23,1/27/23,1/26/23,1/25/23,1/24/23,1/23/23,1/22/23,1/21/23
matic-network,matic,Polygon,"""ethereum"": ""0x7d1afa7b718fb893db30a3abc0cfc608aacfebb0"",
      ""energi"": ""0x98997e1651919faeacee7b96afbb3dfd96cb6036"",
      ""moonbeam"": ""0x3405a1bd46b85c5c029483fbecf2f3e611026e45"",
      ""sora"": ""0x009134d5c7b7fda8863985531f456f89bef5fbd76684a8acdb737b3e451d0877"",
      ""moonriver"": ""0x682f81e57eaa716504090c3ecba8595fb54561d8"",
      ""binance-smart-chain"": ""0xcc42724c6683b7e57334c4e856f4c9965ed682bd"",
      ""harmony-shard-0"": ""0x301259f392b551ca8c592c9f676fcd2f9a0a84c5"",
      ""polygon-pos"": ""0x0000000000000000000000000000000000001010""",1.024529697,0.989987978,0.995024995,0.998054463,0.955388412,0.994481221,1.109654081,1.158362877,1.143236692,1.177783425,1.0883072,1.111190279,1.196891173,1.187539164,1.247413423,1.252366946,1.20611794,1.191347769,1.269699723,1.306279872,1.227963,1.230459946,1.253461053,1.237557552,1.187338439,1.260352371,1.330276176,1.378857617,1.530903326,1.48680815,1.478239881,1.472053872,1.38330161,1.396913541,1.355523309,1.264656774,1.247474293,1.279280165,1.234232744,1.193939438,1.245417748,1.224465681,1.169699124,1.126241541,1.137411156,1.131973564,1.150341615,1.054623283,1.015508814,1.058959985,1.05910954,1.153596095,1.191767828,1.201292075,1.11672662,1.156838495,1.225222752,1.17625383,1.176336736,1.111377025,1.160946881,1.116118226,1.140740519,1.097351247,1.085044488,1.106131289,1.04915104,1.088279198,1.124716391,1.093097569,1.119431511,1.112330646,1.097990085,1.097350071,1.139741224,1.141579978,1.113777962,1.108851976,1.103192941,1.101796566,1.12135796,1.113979304,1.10438535,1.135079112,1.16207359,1.172725888,1.184072106,1.154723329,1.171401536,1.084251833,1.047041993,1.012913498,1.027597582,1.003767926,0.990506843,1.007952785,0.985312377,1.013172728,0.998712001,1.002165472,0.985722553,0.961638415,0.977294787,1.006446231,0.983248198,0.998382253,0.977922395,0.968247591,0.901126071,0.876670372,0.878176311,0.843662641,0.866437277,0.849138945,0.860390891,0.861996267,0.845836711,0.887656802,0.872037557,0.871840024,0.877297333,0.858055008,0.873102758,0.890287268,0.874867908,0.890561875,0.911888486,0.921487695,0.942296483,0.909403061,0.901923984,0.895104512,0.889133463,0.900725461,0.899816121,0.89457716,0.835935052,0.823989065,0.765872371,0.78187825,0.726848911,0.615161811,0.635067098,0.643520561,0.643558441,0.61943708,0.589860526,0.590155367,0.61378492,0.595973945,0.613446333,0.630365016,0.67035861,0.657030657,0.673806194,0.655041303,0.667428414,0.645299616,0.664397409,0.61438883,0.624204133,0.66060432,0.676364753,0.680649971,0.712925644,0.697355261,0.671003442,0.664927664,0.675566284,0.679932291,0.687802592,0.73578188,0.741451488,0.724706115,0.848911745,0.808996927,0.799175206,0.768094211,0.778668043,0.737499628,0.737000065
arbitrum,arb,Arbitrum,"""arbitrum-one"": ""0x912ce59144191c1204e64559fe8253a0e49e6548"",
      ""arbitrum-nova"": ""0xf823c3cd3cebe0a1fa952ba88dc9eef8e0bf46ad"",
      ""ethereum"": ""0xb50721bcf8d664c30412cfbc6cf7a15145234ad1""",1.3450629,1.3450629,1.273496524,1.23525566,1.285560731,1.165775462,1.217131319,1.228650625,1.372683824,1.39517195,1.296228239,1.198300387,1.15475758,1.234472475,1.247659691,1.212900875,1.197278296,1.16371395,1.184867784,1.242052346,1.219756777,1.194018274,1.366766877,1.681791305,1.650649326,1.694505003,1.60840577,1.669985137,1.487883138,1.440899733,1.471458798,1.465606939,1.34243355,1.339414992,1.381912106,1.383073424,1.421243335,1.383222485,1.364041458,1.370866402,1.320852568,1.349487758,1.34216559,1.317934623,1.357739753,1.24429381,1.234648615,1.093916092,1.104653267,1.177316832,1.094243091,1.172705515,1.17051162,1.173194517,1.195274873,1.179822257,1.200526601,1.15462638,1.164690262,1.163143307,1.127801889,1.125785112,1.166843343,1.110522371,1.106908226,1.158160573,1.17466124,1.248182024,1.228086517,1.219755919,1.165423974,1.146258394,1.240517171,1.217380653,1.211796157,1.140549939,1.188563759,1.125315548,1.128699265,1.130492312,0.99544968,0.991247164,0.978861967,0.993330468,0.944833714,0.950130258,0.974960816,0.992323974,0.992596929,1.00515248,1.085137829,1.142881132,1.089932073,1.131926832,1.078626533,1.109798556,1.142696537,1.205029548,1.124555498,1.132054764,1.157806487,1.151431191,1.148859306,1.166513921,1.152734141,1.111190864,1.076040483,1.129942644,1.124470597,1.123198525,1.121703903,1.126326575,1.122840622,1.222315774,1.211931748,1.267247928,1.27226054,1.301183118,1.242011253,1.261125122,,,,,,,,,,,,,,,,,,,,,,,,,,,,,,,,,,,,,,,,,,,,,,,,,,,,,,,,,,,,,
optimism,op,Optimism,"""optimistic-ethereum"": ""0x4200000000000000000000000000000000000042""",2.133839915,2.214364103,2.189817,2.184133322,1.985411113,2.380461596,2.218329244,2.274902435,2.175020845,2.387443431,2.129972136,2.173097311,2.721713446,2.809325495,3.103357637,2.997612091,2.940935165,2.910007778,3.033237392,2.762756816,2.401283653,2.424507048,2.496798525,2.332848296,2.210775942,2.430954054,2.828129215,2.625784029,2.803068349,2.776930456,2.585312486,2.590244312,2.514183876,2.704312049,2.897511506,3.051631174,2.750291815,3.011408089,2.896361003,2.706329287,2.763184129,2.72351772,2.538790026,2.368444192,2.430091812,2.51503123,2.403660363,2.23459221,2.197313876,2.138897216,1.876534637,2.346830016,2.61596466,2.725715472,2.417395202,2.500155108,2.7267986,2.620361216,2.732573795,2.495477174,2.652235472,2.553382906,2.49951035,2.275680573,2.191602022,2.269058326,2.071993433,2.197812438,2.23664258,2.288444417,2.287395749,2.279014214,2.204976805,2.167605453,2.235222856,2.28392836,2.263170038,2.266642975,2.238476697,2.288721052,2.352826856,2.298188357,2.287248859,2.431073957,2.655420016,2.710946163,2.686135077,2.605411134,2.701424214,2.542512316,2.438416701,2.278328359,2.308567357,2.202085156,2.221270432,2.247091243,2.166602048,2.182790598,2.143061732,2.179764821,2.177346671,2.08443327,2.164456228,2.162867487,2.025482034,1.98087375,1.870811119,1.899268789,1.719752621,1.705836268,1.72660808,1.562845087,1.675963173,1.636566356,1.634999481,1.647910236,1.655899527,1.800081036,1.739785605,1.668712343,1.689870312,1.636470697,1.632454256,1.669222977,1.595587812,1.617960162,1.610852868,1.600020753,1.647115063,1.52669849,1.419476806,1.388170977,1.388343737,1.448951683,1.481750379,1.483784245,1.388387816,1.495593533,1.371283916,1.368273763,1.331753053,1.09580701,1.090522619,1.132211754,1.148812364,1.083747933,1.107831168,1.128018781,1.132663331,1.097037469,1.128412285,1.324661538,1.43840663,1.354233459,1.383358168,1.306486256,1.332701328,1.281911719,1.308532131,1.217770287,1.222860046,1.3311265,1.348230791,1.331238525,1.347603148,1.287386898,1.234116667,1.192310792,1.223505494,1.215678456,1.213633268,1.199194757,1.22211319,1.217409919,1.367162499,1.442016113,1.454235113,1.495642732,1.480668799,1.426602626,1.608896191
immutable-x,imx,ImmutableX,"""ethereum"": ""0xf57e7e7c23978c3caec3c3548e3d615c346e79ff""",0.637891832,0.628871605,0.669315341,0.716426364,0.645200296,0.716248893,0.679329988,0.67782001,0.656824194,0.676806256,0.647258677,0.743058981,0.808312722,0.872497173,0.958692578,0.910848837,0.894429009,0.875490692,1.051738917,1.0154509,0.882620025,0.959773107,1.088163704,1.024645128,0.970680925,1.138791196,1.234739196,1.094618157,1.094000482,1.053139597,1.019087132,1.042673615,1.019848388,1.018525976,1.044551403,0.971297966,0.960635821,0.981762397,0.966179817,1.062502135,1.060350632,0.990014094,1.021615146,0.991514435,1.049784161,1.052581295,1.085297226,0.959233537,0.925133628,0.84498932,0.812670864,0.935559253,0.978054227,1.180958277,1.171838517,1.203932786,1.548865624,1.482535949,1.465261818,1.253010928,1.278798365,1.18888173,1.217438804,1.102767165,1.054205743,1.111582104,1.02371059,1.066881274,1.125729111,1.118977369,1.137125024,1.113682261,1.055471143,1.049093992,1.067831836,1.107249312,1.059806771,1.02948692,1.030111453,1.045553136,1.083365412,1.086234047,1.130418632,1.137248045,1.219658293,1.205890812,1.211485683,1.130054772,1.14740789,1.034887863,0.972160306,0.931266444,0.987276194,0.952607114,0.968418766,0.9767864,0.959722667,1.06163511,1.031682771,1.009987453,0.992121749,0.937519667,0.933137407,0.941232399,0.900897489,0.914111497,0.858476038,0.860963815,0.787697968,0.764550158,0.785555867,0.73415681,0.757382402,0.744922099,0.75030329,0.762590725,0.740983322,0.787722999,0.76673139,0.764771136,0.750383401,0.721029055,0.728756761,0.771039357,0.723370477,0.735988268,0.736499018,0.731067913,0.773224906,0.766398861,0.776352833,0.729869018,0.747246331,0.803505618,0.794756126,0.816385209,0.735012111,0.75024578,0.681924713,0.717832922,0.724500487,0.609839253,0.601470764,0.621801192,0.619813671,0.579104152,0.612330442,0.618943889,0.630787533,0.61992799,0.622728857,0.660180271,0.695319792,0.697236113,0.737581961,0.726604199,0.739236091,0.725496843,0.753164513,0.706094757,0.698954314,0.742351125,0.739244832,0.751126634,0.763188159,0.754982513,0.727710338,0.694552488,0.705409466,0.703244762,0.695028638,0.695925152,0.696515963,0.692501192,0.764920952,0.747916275,0.749876531,0.741323976,0.752112234,0.728719047,0.732195892
loopring,lrc,Loopring,"""ethereum"": ""0xbbbbca6a901c926f240b89eacb641d8aec7aeafd"",
      ""energi"": ""0x193da10f8a969d4c081b9097b15337b1488cbbec"",
      ""arbitrum-one"": ""0x46d0ce7de6247b0a95f67b43b589b4041bae7fbe""",0.283047539,0.273492055,0.279036065,0.289450893,0.297734629,0.303149966,0.317142065,0.316477956,0.313838132,0.32340386,0.308501968,0.350870558,0.393357094,0.410330438,0.414926965,0.397445864,0.372506442,0.362331943,0.393537877,0.373497602,0.334063301,0.388441339,0.437143624,0.40876153,0.394395973,0.415582655,0.43695404,0.433518709,0.451168912,0.450927476,0.429138061,0.4422955,0.425648429,0.411814026,0.404490871,0.376026428,0.363936466,0.370113779,0.363131234,0.34782731,0.364577967,0.359889553,0.33854664,0.322266688,0.327697466,0.330000545,0.321043465,0.298535263,0.274039893,0.273000523,0.273602756,0.315428329,0.323601179,0.343737255,0.313369479,0.321239673,0.36135171,0.348747188,0.360596187,0.34524953,0.359060555,0.335906467,0.370459914,0.345124691,0.350189732,0.358293359,0.344507807,0.349682398,0.365156378,0.352528698,0.361160977,0.378338196,0.360951152,0.354460644,0.360742149,0.363158854,0.356387374,0.354221137,0.349428516,0.352123517,0.35964549,0.357201035,0.353289647,0.364689623,0.399768251,0.391302436,0.392899404,0.408932378,0.409367069,0.373158352,0.364955971,0.340831051,0.352528417,0.343024033,0.340874644,0.348057572,0.348201382,0.355091811,0.348155639,0.347301639,0.341340052,0.328193679,0.330462197,0.33916821,0.328556057,0.335728047,0.317272506,0.314228371,0.29423786,0.298093959,0.30219016,0.284252451,0.289268163,0.285686523,0.289603973,0.294086157,0.297259809,0.305387973,0.297619535,0.300098994,0.29886987,0.291398847,0.289941719,0.293845916,0.284627219,0.284917183,0.286049083,0.287844532,0.296539922,0.292360156,0.291318315,0.279198407,0.272246188,0.281407892,0.278230318,0.279162143,0.25507569,0.262486825,0.243693265,0.245849356,0.245273054,0.211600205,0.210268563,0.213805761,0.215317965,0.211769031,0.214084837,0.216189423,0.217156355,0.211319919,0.213238041,0.221811425,0.228505066,0.222147695,0.229636476,0.243010608,0.240743493,0.230680142,0.232423887,0.217714492,0.221060793,0.231149607,0.237398143,0.239420473,0.245760909,0.241756737,0.234237554,0.226029067,0.228936166,0.227773572,0.223205618,0.226799351,0.227065761,0.228068745,0.242862779,0.23632361,0.238078164,0.230409748,0.237247115,0.228178959,0.228955509
skale,skl,SKALE,"""ethereum"": ""0x00c83aecc790e8a4453e5dd3b0b4b3680501a7a7""",0.036177889,0.033875401,0.03456131,0.035733411,0.035968443,0.034850039,0.036972983,0.03681131,0.035829725,0.036693426,0.034442599,0.034722068,0.037130909,0.037851152,0.039101511,0.03954003,0.038037002,0.037216408,0.043322316,0.040713985,0.038980905,0.056485119,0.056720852,0.055905194,0.050037587,0.051832197,0.058097521,0.053095001,0.053844416,0.059314129,0.058973594,0.060748336,0.056280835,0.054421474,0.052380781,0.048183442,0.047852841,0.049628589,0.049382975,0.047329698,0.048907525,0.047060322,0.043342211,0.040646368,0.04115611,0.042514913,0.040718473,0.038799933,0.03529599,0.036998633,0.035471066,0.039786798,0.042246868,0.04487542,0.040713301,0.042111627,0.044216258,0.04266426,0.044900713,0.039584054,0.041423716,0.038263475,0.040758043,0.04120181,0.039767269,0.040408548,0.037807173,0.038505807,0.041455438,0.039698334,0.041117342,0.040345506,0.039581837,0.03976839,0.042755388,0.041712332,0.041172117,0.041060897,0.040724276,0.041972607,0.04329115,0.042105273,0.041762855,0.044087054,0.045081659,0.044390493,0.050848129,0.048275943,0.048343627,0.043440393,0.040868222,0.038814692,0.039555463,0.039012637,0.039105698,0.040079394,0.039396783,0.040169973,0.039046623,0.039406657,0.03809482,0.036815897,0.037492537,0.038190414,0.037413279,0.03817547,0.035556382,0.034216482,0.031884329,0.031848058,0.032545371,0.030642112,0.031533345,0.031248599,0.031896578,0.032269396,0.032338805,0.033234293,0.032265981,0.032896712,0.03306445,0.032200745,0.032137449,0.033206116,0.032202538,0.031930617,0.031586239,0.031726754,0.032997948,0.032880605,0.033688966,0.032854879,0.032989519,0.034763956,0.034027833,0.033973495,0.029736484,0.031706163,0.029898854,0.029398319,0.028647618,0.023982016,0.024820967,0.025486093,0.025030333,0.023917182,0.02414878,0.024601668,0.025404033,0.024531943,0.024269383,0.025351286,0.026922998,0.026604217,0.027771017,0.027594422,0.028264457,0.027853604,0.028565386,0.026095316,0.025963975,0.028109151,0.028102153,0.0281354,0.029140961,0.029312275,0.028220898,0.02721936,0.027490789,0.027793307,0.02717339,0.027609901,0.027682963,0.027462375,0.02970272,0.028615327,0.029365833,0.028515063,0.029689877,0.028649351,0.029129589
syscoin,sys,Syscoin,{},0.130254751,0.134338526,0.135350394,0.157542954,0.151702245,0.15894622,0.155296712,0.152891024,0.153256477,0.161012566,0.167461305,0.159236095,0.16683635,0.164866009,0.175743873,0.168804731,0.163088401,0.167686845,0.170898038,0.169656831,0.154828367,0.182191269,0.21534511,0.208397208,0.194990095,0.208689931,0.221564665,0.202429605,0.208924427,0.205584736,0.197895956,0.207368008,0.19908637,0.206645437,0.205409866,0.190778849,0.184446247,0.188870351,0.184853608,0.177220065,0.188274031,0.183286546,0.172978099,0.1693827,0.167381138,0.166949108,0.161055272,0.152969106,0.138771495,0.146987819,0.144606187,0.155313883,0.165811217,0.171872528,0.160783162,0.167380924,0.175169348,0.167694838,0.170066026,0.186385279,0.178172187,0.173669602,0.185084503,0.174948173,0.171492136,0.173409752,0.161345669,0.164389182,0.170407207,0.167362464,0.168568154,0.165587775,0.164215836,0.161175057,0.163902542,0.162463636,0.163541685,0.162398268,0.162826115,0.166922088,0.171202973,0.170701109,0.16671452,0.171407646,0.169485348,0.169703701,0.174462024,0.173391391,0.182275706,0.168873686,0.16255337,0.154429028,0.159739685,0.155798808,0.153097543,0.153962227,0.146374409,0.152220161,0.150972317,0.153728617,0.152056291,0.147740185,0.149775485,0.149674698,0.146495405,0.149736391,0.152352302,0.15429899,0.117202866,0.120498585,0.121106646,0.115138617,0.118517042,0.115447225,0.115747258,0.117529785,0.117578264,0.120616715,0.119672254,0.119657092,0.128322927,0.118860326,0.123121143,0.127088501,0.120892715,0.122862996,0.124164291,0.123587256,0.124047985,0.125709247,0.126500265,0.124079093,0.132847669,0.13481802,0.130694377,0.129770369,0.121494019,0.125241779,0.119484929,0.119610626,0.115395358,0.11184073,0.121135455,0.120197554,0.119332031,0.125114928,0.125682409,0.128845053,0.128967073,0.121696097,0.121394189,0.126768373,0.128765887,0.129526244,0.130743776,0.136348855,0.137604002,0.132608551,0.133989409,0.124735745,0.122722321,0.125258999,0.12716521,0.123977751,0.129061318,0.124487037,0.121022671,0.119266664,0.118492494,0.117843067,0.115190372,0.113271302,0.119145582,0.117533398,0.120937197,0.117994022,0.119242934,0.115066129,0.11433347,0.111993232,0.112993684
metis-token,metis,Metis,"""ethereum"": ""0x9e32b13ce7f2e80a01932b42553652e053d6ed8e"",
""binance-smart-chain"": ""0xe552fb52a4f19e44ef5a967632dbc320b0820639"",
""metis-andromeda"": ""0xdeaddeaddeaddeaddeaddeaddeaddeaddead0000""",22.25248584,22.42730021,21.9005912,25.61752514,24.20922637,27.46881679,28.63547762,32.11533124,31.09684619,35.81670801,33.09172152,36.39288569,36.56333084,37.34307307,37.68375239,39.48837984,36.86893938,36.16725764,36.49508654,34.83430835,30.02667851,33.41041258,36.29729877,35.49239997,33.59845857,34.99280832,37.85288389,38.30955146,42.89429382,41.76723845,39.90243104,40.41189884,36.91469929,36.40264724,36.52265938,34.39626835,33.50408765,34.50491652,33.55361059,31.8379785,32.31116175,31.31043514,29.88532955,28.93620143,29.65598036,29.1213404,27.74413936,27.15295255,25.48853227,26.10810693,24.89503269,28.65112207,29.45527631,30.55831455,28.54210577,28.92637011,31.33318696,30.50480569,29.8923898,28.99993585,29.03771198,27.14725507,28.43287866,27.16265761,26.4408184,24.88358547,23.78016873,24.23738705,25.59047968,24.86240638,24.83152202,24.85729788,25.29459433,24.64717589,29.69807706,28.18114365,27.97530401,27.59703594,27.79275191,27.85213328,30.30081398,29.88273005,29.18605613,31.45295792,31.17251041,34.17582938,34.15356619,32.79593135,34.24849751,29.58111945,28.83584792,27.21869595,28.48312823,27.21116242,26.57613327,28.00367514,27.25326866,27.48752158,26.80203529,27.14332945,26.17623943,25.73406362,26.08186058,26.59331426,26.11650637,29.25580669,26.54673746,28.06172559,25.57993103,24.92819715,23.18260382,22.70627005,22.66271732,22.86586434,22.99674546,23.73630089,22.85673437,22.72032578,22.51064747,23.00188623,23.12823707,22.3095056,22.08069442,22.15816175,20.890874,21.54153677,21.54887647,21.31893934,22.26353598,22.61970776,22.66917449,21.80116433,21.91845534,23.08201168,22.06886948,22.27527833,21.16441816,21.57667831,20.52696527,20.33958763,19.88223371,19.12188233,19.18908521,18.74291297,19.00754365,18.42713843,18.40553605,18.98917459,19.06020482,18.77102907,18.93730312,19.75727331,20.756833,20.68816093,21.29989076,20.62046971,20.71236354,20.80000957,20.82946942,19.97598947,20.19014135,20.86834914,20.70466234,19.05157374,19.08794996,18.42917821,17.31706178,17.45864673,17.13911263,15.65830321,18.00077381,17.5074031,17.85210364,18.21881314,18.82580267,18.10514857,17.86521754,17.4876366,17.3099026,17.04078137,16.99478204
coinweb,cweb,Coinweb,"""ethereum"": ""0x505b5eda5e25a67e1c24a2bf1a527ed9eb88bf04""",0.011759627,0.012076647,0.012514547,0.013281897,0.012970842,0.013169631,0.013426925,0.01339751,0.013504175,0.01361099,0.013425538,0.013185114,0.013615214,0.014393459,0.013870755,0.014667808,0.013781594,0.014011188,0.014279338,0.014385847,0.014287513,0.015700076,0.015787781,0.015927376,0.015544995,0.015707401,0.015379031,0.015904074,0.01712749,0.017000289,0.016735756,0.017029972,0.016501881,0.016589435,0.016667681,0.016747444,0.017008538,0.017023705,0.017066141,0.016961144,0.01705254,0.016920128,0.01650019,0.016361424,0.016291651,0.016409354,0.015982417,0.01508766,0.014580577,0.014004965,0.014523174,0.014079299,0.014339159,0.014850126,0.014908605,0.015057638,0.015335798,0.015760561,0.015761483,0.015795055,0.0163053,0.015875262,0.01624146,0.015365041,0.016310757,0.016228196,0.016412005,0.016728028,0.01711873,0.01883947,0.020631058,0.022067851,0.021390907,0.024152089,0.023991565,0.021724312,0.021223212,0.023084059,0.022964094,0.023269179,0.023025531,0.022294186,0.023627013,0.02502749,0.025442617,0.024640024,0.02530642,0.025070369,0.026145365,0.025923411,0.025779523,0.026462088,0.027239057,0.027360387,0.025879384,0.026814565,0.026034636,0.026026695,0.025498476,0.0262402,0.025980394,0.02435852,0.02519118,0.024996632,0.025328443,0.025792615,0.026547542,0.027338709,0.026273648,0.026778998,0.026792444,0.026963536,0.026711378,0.028183271,0.02941115,0.030066388,0.029712138,0.029577435,0.029716687,0.0278283,0.028741447,0.028240173,0.028233741,0.028486078,0.02827643,0.02838595,0.028542128,0.028542992,0.028719959,0.028736043,0.028388283,0.027504708,0.027358682,0.02711612,0.026945967,0.026934847,0.023637489,0.024268439,0.023921809,0.023806924,0.023091089,0.024322961,0.026565829,0.027853903,0.029903771,0.028869113,0.028302952,0.028833644,0.028865101,0.028906351,0.026712273,0.026719838,0.027252821,0.026924416,0.026237367,0.025768065,0.02539674,0.02455692,0.024292202,0.023421505,0.023796161,0.023881254,0.023931531,0.023618591,0.02342512,0.023316889,0.023132789,0.0223743,0.02177773,0.021870959,0.022911797,0.022940032,0.022952357,0.022781972,0.02222313,0.022000325,0.022015181,0.021697065,0.020978023,0.021165587,0.02142123
boba-network,boba,Boba Network,"""ethereum"": ""0x42bbfa2e77757c645eeaad1655e0911a7553efbc"",
      ""boba"": ""0xa18bf3994c0cc6e3b63ac420308e5383f53120d7""",0.212972048,0.210178818,0.201474924,0.221536533,0.229547504,0.228568902,0.213518925,0.226419832,0.226266027,0.236465873,0.216835986,0.22009102,0.226905696,0.23861534,0.250772607,0.260806575,0.264518321,0.261210615,0.26688808,0.271743277,0.255732715,0.255086771,0.244020885,0.258382581,0.244939647,0.247071344,0.257941022,0.253761696,0.259604936,0.258393206,0.259895437,0.265004981,0.266602562,0.258328623,0.263334439,0.248555444,0.312719045,0.298538165,0.287349879,0.274986716,0.272973589,0.263579543,0.259848137,0.254818908,0.252586131,0.246195132,0.238256504,0.222576986,0.215700639,0.208341691,0.204420917,0.214616604,0.25124178,0.253184725,0.237002007,0.244959558,0.260859995,0.253889671,0.258125461,0.245030096,0.24119795,0.236132366,0.238969466,0.232255713,0.230509623,0.249866273,0.225903273,0.231785701,0.238598416,0.229863193,0.232047827,0.231614005,0.229687488,0.225079196,0.22700029,0.230103783,0.227910723,0.229707725,0.228727655,0.226341082,0.225234638,0.229976551,0.226514077,0.231379625,0.233931265,0.239383998,0.246811957,0.239974857,0.244144602,0.226952114,0.218954357,0.213496694,0.213232937,0.209865512,0.207672724,0.205715168,0.218646727,0.218719641,0.218575346,0.215008165,0.214726681,0.211307289,0.206368534,0.202477577,0.199432348,0.193055786,0.184242977,0.182842082,0.166617804,0.170988034,0.179080419,0.169028132,0.171846231,0.170796373,0.170746778,0.170388906,0.170610944,0.174243468,0.174889812,0.179767665,0.174615689,0.175422911,0.169713814,0.173121783,0.168664879,0.167488663,0.168245329,0.169315934,0.169871107,0.168916407,0.168927972,0.162863285,0.163232737,0.17481416,0.170974552,0.171053813,0.158378597,0.155934551,0.153959982,0.158129251,0.160490564,0.144077903,0.141316554,0.141329086,0.141699762,0.13504089,0.134435687,0.1314747,0.139254239,0.136252296,0.132887587,0.137828136,0.142571957,0.145409719,0.14976409,0.140149784,0.139962692,0.139047343,0.137345067,0.126326522,0.130330399,0.133440035,0.132342772,0.133686933,0.135446879,0.136321089,0.133812777,0.133854842,0.133011264,0.130867407,0.135555689,0.135090093,0.134367246,0.135068692,0.138977417,0.137844915,0.137527118,0.134687832,0.135354477,0.136060203,0.132877166
degate,dg,DeGate,"""ethereum"": ""0x53c8395465a84955c95159814461466053dedede""",0.104230196,0.104399371,0.105724502,0.101839206,0.107798333,0.10840286,0.10835755,0.111917934,0.113015467,0.112642581,0.110265803,0.110440332,0.109933746,0.110504423,0.110427445,0.109355531,0.115162859,0.115020335,0.11571323,0.120602087,0.119888033,0.119712601,0.119477566,0.118872015,0.126594924,0.127166656,0.137611205,0.144381408,0.144119865,0.165095178,0.165718661,0.164071207,0.16285595,0.161388078,0.161524744,0.161301805,0.16170974,0.160761551,0.16230315,0.16092971,0.159595904,0.160086944,0.156731775,0.159780347,0.160452295,0.161017601,0.161626393,0.160779348,0.160569994,0.161765264,0.161593096,0.169360797,0.170241958,0.172491276,0.172946021,0.174271311,0.175280818,0.174435959,0.175351767,0.176495547,0.176654477,0.177519077,0.177836514,0.176059777,0.178097617,0.178378833,0.17715752,0.178942988,0.180864779,0.175355418,0.180980437,0.179513329,0.178647776,0.178198278,0.179184922,0.178665676,0.178127523,0.178154412,0.177735188,0.17839395,0.178253054,0.178219636,0.179898098,0.182139013,0.185537139,0.181353766,0.181099354,0.182820991,0.183573377,0.187837797,0.187679979,0.186870332,0.18832469,0.187776832,0.189142527,0.188968121,0.188734991,0.195635867,0.197901184,0.201421002,0.203807188,0.198394977,0.203724871,0.20974501,0.21031765,0.210380734,0.20993658,0.210188679,0.207572449,0.207387581,0.206381065,0.209327131,0.211504447,0.210084023,0.20802476,0.210317196,0.208896184,0.205792927,0.204655704,0.201349848,0.19969473,0.198105889,0.191948329,0.191224948,0.186977245,0.18553611,0.185515799,0.184117342,0.184117342,0.184453665,0.184453665,0.183422441,0.179201111,0.177449624,0.158587609,0.159401584,0.15867755,0.158675973,0.158016378,0.153850267,0.155326423,0.148718811,0.148841915,0.146890319,0.147149234,0.147848849,0.146785102,0.147212049,0.148016638,0.149370062,0.15424428,0.154393284,0.154255995,0.153490784,0.152634398,0.153152707,0.154458432,0.15172461,0.152846417,0.151024094,0.150508956,0.150508956,0.151157106,0.152770428,0.210225113,0.147485552,0.146532346,0.150000064,0.149985539,0.14838712,0.147724166,0.146308769,0.146308769,0.146117231,0.148604003,0.139986547,,,,,
zkspace,zks,ZKSpace,"""ethereum"": ""0xe4815ae53b124e7263f08dcdbbb757d41ed658c6"",
      ""energi"": ""0xc4efad8386124927fb46b146526625e143e5a63a""",0.049805124,0.049103761,0.049449032,0.049659143,0.049768785,0.049578028,0.049861615,0.050899968,0.050673889,0.054868649,0.061241623,0.063945439,0.062237447,0.0625637,0.060448515,0.059683653,0.060507043,0.059259501,0.062423516,0.061117304,0.054766322,0.085608256,0.105438336,0.102149533,0.08152579,0.085463536,0.08289117,0.091880182,0.091356223,0.089827306,0.088318849,0.09119955,0.085717521,0.085032915,0.084197781,0.074189121,0.074648218,0.074595283,0.0735734,0.076276863,0.075625154,0.071179683,0.068895039,0.06685556,0.069080197,0.066685932,0.065352778,0.064504284,0.059669013,0.058908292,0.058106664,0.060885249,0.062385387,0.066021153,0.064072421,0.065844955,0.069364056,0.068614151,0.070716247,0.069778703,0.068387267,0.070276744,0.077452805,0.07012227,0.067641765,0.064059178,0.061220542,0.067903627,0.066675902,0.063094795,0.063937011,0.064330843,0.062121783,0.062793854,0.059516855,0.058093411,0.058398802,0.057876719,0.058970363,0.058295537,0.058294388,0.05851978,0.058493353,0.058558285,0.059259475,0.061790341,0.063170699,0.063360242,0.065285045,0.060602853,0.058457317,0.055574009,0.055399708,0.054929164,0.055453699,0.051252811,0.05268596,0.053654223,0.052663721,0.053483843,0.052069675,0.052261491,0.051622374,0.050516967,0.049589642,0.049688646,0.047798868,0.048842968,0.047874653,0.047690568,0.049120148,0.048773181,0.048154873,0.048446409,0.048228753,0.04857576,0.048376627,0.047749032,0.04833337,0.048553446,0.04902394,0.049327486,0.049826206,0.049736179,0.048589363,0.049049172,0.048717406,0.048796898,0.049208925,0.047966361,0.048626576,0.047770959,0.04869516,0.04929233,0.049526724,0.050022516,0.046576027,0.047414769,0.04646853,0.047898169,0.046563608,0.041839459,0.042359141,0.042296311,0.042745798,0.042220695,0.043040963,0.044084867,0.043039546,0.042585747,0.043397972,0.043136528,0.044723982,0.045195593,0.045539374,0.045244271,0.045516768,0.044652876,0.045235147,0.043898056,0.043564474,0.044629687,0.04394306,0.043706772,0.045931458,0.04653863,0.045805578,0.045479208,0.044983911,0.044615513,0.04407595,0.04257816,0.042538379,0.043659361,0.044705869,0.044210645,0.045617245,0.04513519,0.044952039,0.044844844,0.044840441
xdai,xdai,XDAI,{},0.999045745,0.997105513,0.998024195,0.996789231,0.994184271,0.998093869,1.00974977,1.003311878,1.001249385,0.99655267,1.023124697,1.004810718,0.997885461,1.000270393,1.005276073,1.021954957,0.999498283,0.997841085,0.998424389,1.007731749,1.01109765,1.001874687,1.00142998,1.004057754,1.005047014,1.009169619,1.00172327,1.022150139,1.008223433,1.004751454,1.009757239,1.002236855,1.002357648,1.003564379,1.007333739,1.006062235,0.995819064,0.995468701,0.995598447,0.993715432,0.995555581,0.991035984,0.988123171,0.990260588,0.990978708,0.987984212,0.994841253,0.992449948,0.986342583,0.990609412,0.978138372,0.966121436,0.991186611,0.996764255,0.996221497,0.997769885,0.994675935,0.999458989,0.996573163,0.999496365,0.997924949,0.998500006,0.992727053,0.996282655,1.000082002,0.991904466,0.992251063,1.012716065,1.014878251,1.004960908,1.004768317,0.998876658,0.987704791,0.992430382,0.998063264,0.994153289,0.994652546,1.003461215,0.998774461,0.993276616,0.992023909,0.991701262,0.999533621,1.003882399,1.003109497,1.001780299,1.000420492,1.001466558,1.000767681,0.999832819,0.999308336,1.012318066,1.006907969,1.002862941,1.007046924,1.000445938,0.98823867,0.984762394,0.996736956,0.998993164,0.997600965,0.99946029,0.985793643,0.963047534,0.982715978,0.972837229,0.992538991,1.003912781,0.998708225,0.998833149,1.001960697,0.99291512,0.995782998,1.004180826,1.001424423,0.999463113,0.999740309,0.997409967,1.001069701,1.035489123,1.025519485,1.009644596,1.00973053,1.007873558,1.001594194,0.999721882,1.001116842,1.008441458,1.006849587,0.99947345,1.009482819,1.002139063,1.005443105,1.003531226,1.001980563,1.006917775,1.001584259,0.999051982,0.998602056,0.993013056,0.996905988,0.998513456,0.998623338,0.994096588,0.996332967,0.989545223,0.993936682,0.994268356,0.998799935,0.996235029,0.997982655,0.995839561,0.988445107,0.99160968,1.006438547,0.994226579,1.00085506,0.99303898,1.021168984,0.999592466,0.99309514,0.989101535,0.992582074,1.001639112,0.993080757,0.989981506,0.992479475,0.997761296,0.995286179,0.989475942,0.9952943,0.986827952,0.985902826,1.001916476,0.993320062,1.006850512,1.002595821,0.999047698,0.993224439,0.995170097,0.993618037
mantle,mntl,AssetMantle," ""cosmos"": ""ibc/00F2B62EB069321A454B708876476AFCD9C23C8C9C4A5A206DDF1CD96B645057"",
      ""polygon-pos"": ""0x38a536a31ba4d8c1bcca016abbf786ecd25877e8"",
      ""ethereum"": ""0x2c4f1df9c7de0c59778936c9b145ff56813f3295""",0.508627224,0.508627224,0.539303245,0.585415562,,,,,,,,,,,,,,,,,,,,,,,,,,,,,,,,,,,,,,,,,,,,,,,,,,,,,,,,,,,,,,,,,,,,,,,,,,,,,,,,,,,,,,,,,,,,,,,,,,,,,,,,,,,,,,,,,,,,,,,,,,,,,,,,,,,,,,,,,,,,,,,,,,,,,,,,,,,,,,,,,,,,,,,,,,,,,,,,,