date,price
2023-01-21,0.228955509
2023-01-22,0.228178959
2023-01-23,0.237247115
2023-01-24,0.230409748
2023-01-25,0.238078164
2023-01-26,0.23632361
2023-01-27,0.242862779
2023-01-28,0.228068745
2023-01-29,0.227065761
2023-01-30,0.226799351
2023-01-31,0.223205618
2023-02-01,0.227773572
2023-02-02,0.228936166
2023-02-03,0.226029067
2023-02-04,0.234237554
2023-02-05,0.241756737
2023-02-06,0.245760909
2023-02-07,0.239420473
2023-02-08,0.237398143
2023-02-09,0.231149607
2023-02-10,0.221060793
2023-02-11,0.217714492
2023-02-12,0.232423887
2023-02-13,0.230680142
2023-02-14,0.240743493
2023-02-15,0.243010608
2023-02-16,0.229636476
2023-02-17,0.222147695
2023-02-18,0.228505066
2023-02-19,0.221811425
2023-02-20,0.213238041
2023-02-21,0.211319919
2023-02-22,0.217156355
2023-02-23,0.216189423
2023-02-24,0.214084837
2023-02-25,0.211769031
2023-02-26,0.215317965
2023-02-27,0.213805761
2023-02-28,0.210268563
2023-03-01,0.211600205
2023-03-02,0.245273054
2023-03-03,0.245849356
2023-03-04,0.243693265
2023-03-05,0.262486825
2023-03-06,0.25507569
2023-03-07,0.279162143
2023-03-08,0.278230318
2023-03-09,0.281407892
2023-03-10,0.272246188
2023-03-11,0.279198407
2023-03-12,0.291318315
2023-03-13,0.292360156
2023-03-14,0.296539922
2023-03-15,0.287844532
2023-03-16,0.286049083
2023-03-17,0.284917183
2023-03-18,0.284627219
2023-03-19,0.293845916
2023-03-20,0.289941719
2023-03-21,0.291398847
2023-03-22,0.29886987
2023-03-23,0.300098994
2023-03-24,0.297619535
2023-03-25,0.305387973
2023-03-26,0.297259809
2023-03-27,0.294086157
2023-03-28,0.289603973
2023-03-29,0.285686523
2023-03-30,0.289268163
2023-03-31,0.284252451
2023-04-01,0.30219016
2023-04-02,0.298093959
2023-04-03,0.29423786
2023-04-04,0.314228371
2023-04-05,0.317272506
2023-04-06,0.335728047
2023-04-07,0.328556057
2023-04-08,0.33916821
2023-04-09,0.330462197
2023-04-10,0.328193679
2023-04-11,0.341340052
2023-04-12,0.347301639
2023-04-13,0.348155639
2023-04-14,0.355091811
2023-04-15,0.348201382
2023-04-16,0.348057572
2023-04-17,0.340874644
2023-04-18,0.343024033
2023-04-19,0.352528417
2023-04-20,0.340831051
2023-04-21,0.364955971
2023-04-22,0.373158352
2023-04-23,0.409367069
2023-04-24,0.408932378
2023-04-25,0.392899404
2023-04-26,0.391302436
2023-04-27,0.399768251
2023-04-28,0.364689623
2023-04-29,0.353289647
2023-04-30,0.357201035
2023-05-01,0.35964549
2023-05-02,0.352123517
2023-05-03,0.349428516
2023-05-04,0.354221137
2023-05-05,0.356387374
2023-05-06,0.363158854
2023-05-07,0.360742149
2023-05-08,0.354460644
2023-05-09,0.360951152
2023-05-10,0.378338196
2023-05-11,0.361160977
2023-05-12,0.352528698
2023-05-13,0.365156378
2023-05-14,0.349682398
2023-05-15,0.344507807
2023-05-16,0.358293359
2023-05-17,0.350189732
2023-05-18,0.345124691
2023-05-19,0.370459914
2023-05-20,0.335906467
2023-05-21,0.359060555
2023-05-22,0.34524953
2023-05-23,0.360596187
2023-05-24,0.348747188
2023-05-25,0.36135171
2023-05-26,0.321239673
2023-05-27,0.313369479
2023-05-28,0.343737255
2023-05-29,0.323601179
2023-05-30,0.315428329
2023-05-31,0.273602756
2023-06-01,0.273000523
2023-06-02,0.274039893
2023-06-03,0.298535263
2023-06-04,0.321043465
2023-06-05,0.330000545
2023-06-06,0.327697466
2023-06-07,0.322266688
2023-06-08,0.33854664
2023-06-09,0.359889553
2023-06-10,0.364577967
2023-06-11,0.34782731
2023-06-12,0.363131234
2023-06-13,0.370113779
2023-06-14,0.363936466
2023-06-15,0.376026428
2023-06-16,0.404490871
2023-06-17,0.411814026
2023-06-18,0.425648429
2023-06-19,0.4422955
2023-06-20,0.429138061
2023-06-21,0.450927476
2023-06-22,0.451168912
2023-06-23,0.433518709
2023-06-24,0.43695404
2023-06-25,0.415582655
2023-06-26,0.394395973
2023-06-27,0.40876153
2023-06-28,0.437143624
2023-06-29,0.388441339
2023-06-30,0.334063301
2023-07-01,0.373497602
2023-07-02,0.393537877
2023-07-03,0.362331943
2023-07-04,0.372506442
2023-07-05,0.397445864
2023-07-06,0.414926965
2023-07-07,0.410330438
2023-07-08,0.393357094
2023-07-09,0.350870558
2023-07-10,0.308501968
2023-07-11,0.32340386
2023-07-12,0.313838132
2023-07-13,0.316477956
2023-07-14,0.317142065
2023-07-15,0.303149966
2023-07-16,0.297734629
2023-07-17,0.289450893
2023-07-18,0.279036065
2023-07-19,0.273492055
2023-07-20,0.283047539
