forecast_origin,date,actual_price,last_price_prediction,last_price_absolute_error,linear_trend_prediction,linear_trend_absolute_error
2023-06-13,2023-06-14,0.363936466,0.370113779,0.006177312999999962,0.37939080239306533,0.015454336393065315
2023-06-13,2023-06-15,0.376026428,0.370113779,0.0059126490000000476,0.38049408890969383,0.004467660909693805
2023-06-13,2023-06-16,0.404490871,0.370113779,0.034377092,0.3815973754263223,0.022893495573677647
2023-06-13,2023-06-17,0.411814026,0.370113779,0.041700247000000024,0.38270066194295077,0.02911336405704923
2023-06-13,2023-06-18,0.425648429,0.370113779,0.05553465000000002,0.38380394845957927,0.041844480540420725
2023-06-13,2023-06-19,0.4422955,0.370113779,0.07218172100000003,0.3849072349762077,0.057388265023792295
2023-06-13,2023-06-20,0.429138061,0.370113779,0.05902428200000004,0.3860105214928362,0.0431275395071638
2023-06-20,2023-06-21,0.450927476,0.429138061,0.02178941499999998,0.3916805862246358,0.05924688977536419
2023-06-20,2023-06-22,0.451168912,0.429138061,0.022030850999999962,0.39282876106150577,0.058340150938494206
2023-06-20,2023-06-23,0.433518709,0.429138061,0.004380647999999987,0.3939769358983758,0.03954177310162421
2023-06-20,2023-06-24,0.43695404,0.429138061,0.007815978999999973,0.3951251107352458,0.04182892926475418
2023-06-20,2023-06-25,0.415582655,0.429138061,0.013555405999999992,0.3962732855721158,0.01930936942788425
2023-06-20,2023-06-26,0.394395973,0.429138061,0.034742088000000004,0.39742146040898574,0.0030254874089857275
2023-06-20,2023-06-27,0.40876153,0.429138061,0.02037653100000003,0.39856963524585576,0.010191894754144226
2023-06-27,2023-06-28,0.437143624,0.40876153,0.028382094000000024,0.4051912308324599,0.031952393167540116
2023-06-27,2023-06-29,0.388441339,0.40876153,0.020320190999999987,0.4063903066293334,0.0179489676293334
2023-06-27,2023-06-30,0.334063301,0.40876153,0.074698229,0.40758938242620696,0.07352608142620698
2023-06-27,2023-07-01,0.373497602,0.40876153,0.035263928,0.4087884582230805,0.035290856223080536
2023-06-27,2023-07-02,0.393537877,0.40876153,0.015223653000000004,0.409987534019954,0.016449657019954045
2023-06-27,2023-07-03,0.362331943,0.40876153,0.046429586999999994,0.41118660981682764,0.04885466681682765
2023-06-27,2023-07-04,0.372506442,0.40876153,0.03625508799999999,0.41238568561370115,0.039879243613701154
2023-07-04,2023-07-05,0.397445864,0.372506442,0.02493942199999999,0.40882055165203257,0.011374687652032589
2023-07-04,2023-07-06,0.414926965,0.372506442,0.04242052299999999,0.4099768309881104,0.004950134011889595
2023-07-04,2023-07-07,0.410330438,0.372506442,0.037823996000000026,0.4111331103241882,0.0008026723241881806
2023-07-04,2023-07-08,0.393357094,0.372506442,0.020850652000000025,0.41228938966026596,0.01893229566026594
2023-07-04,2023-07-09,0.350870558,0.372506442,0.021635883999999994,0.4134456689963438,0.06257511099634377
2023-07-04,2023-07-10,0.308501968,0.372506442,0.06400447399999998,0.4146019483324216,0.10609998033242157
2023-07-04,2023-07-11,0.32340386,0.372506442,0.049102582000000006,0.41575822766849935,0.09235436766849936
2023-07-11,2023-07-12,0.313838132,0.32340386,0.009565727999999996,0.41030398302325594,0.09646585102325594
2023-07-11,2023-07-13,0.316477956,0.32340386,0.006925903999999983,0.41140314304597403,0.09492518704597402
2023-07-11,2023-07-14,0.317142065,0.32340386,0.006261795000000014,0.4125023030686922,0.0953602380686922
2023-07-11,2023-07-15,0.303149966,0.32340386,0.020253893999999995,0.41360146309141027,0.11045149709141028
2023-07-11,2023-07-16,0.297734629,0.32340386,0.025669231000000015,0.41470062311412836,0.11696599411412839
2023-07-11,2023-07-17,0.289450893,0.32340386,0.033952967,0.4157997831368465,0.12634889013684653
2023-07-11,2023-07-18,0.279036065,0.32340386,0.04436779499999999,0.41689894315956455,0.13786287815956455
2023-07-18,2023-07-19,0.273492055,0.279036065,0.005544009999999988,0.4010045699076643,0.1275125149076643
2023-07-18,2023-07-20,0.283047539,0.279036065,0.004011474000000015,0.40196322950080343,0.11891569050080342
